don,TestWW,thread_WNzhwb6RaEn0ufslZlxafJ82,Explore WW work
don,jstest9,thread_0tvkRE6OulYRqRlS4tLue9ik,test
Don,Test Thread 136,thread_9w8ZfpKqiZxA5sm5rP8y83ky,Testing thread operations
Don,Test Thread 161,thread_ZIpLAVP01UmiNm9E5OUqv4y5,Testing thread operations
Don,Test Thread 580,thread_sOtu8z3tkvBbXPDZjABM34bQ,Testing thread operations
Don,Test Thread 936,thread_1kXdtJrhwHZknixfBlllR3CO,Testing thread operations
Don,Test Thread 335,thread_ISZUdirtbtYEt7PCvoau1M3V,Testing thread operations
Don,Test Thread 151,thread_SrpvX7jlTVaNPDiUIy7OoHyH,Testing thread operations
Don,Test Thread 682,thread_ZhbEnh6j1O0CShLkY9rAvKTS,Testing thread operations
Don,Test Thread 375,thread_w4vsFOEsBrxLHwjmmBukA49C,Testing thread operations
Don,Test Thread 29,thread_8Me8MZM6yzrPOwgTrmGixoFb,Testing thread operations
Don,Test Thread 491,thread_c64pdlik9D8vunCPNlMp8lbF,Testing thread operations
Don,Test Thread 769,thread_wXDv09sclIIlwz5eCtFXQY9B,Testing thread operations
